[
    {
        "month": 1,
        "default_rate": 2.9281000274583078,
        "approval_rate": 73.28032648878906,
        "interest_rate": 6.763726719926031,
        "loan_amount": 16307.850049954919,
        "month_name": "Jan"
    },
    {
        "month": 2,
        "default_rate": 3.0549853960000553,
        "approval_rate": 72.99027936758046,
        "interest_rate": 6.862008653726099,
        "loan_amount": 16413.887431109317,
        "month_name": "Feb"
    },
    {
        "month": 3,
        "default_rate": 3.4142373912578803,
        "approval_rate": 72.53911153218172,
        "interest_rate": 6.999674289611207,
        "loan_amount": 16700.0510104304,
        "month_name": "Mar"
    },
    {
        "month": 4,
        "default_rate": 4.097882730070846,
        "approval_rate": 71.46090871315509,
        "interest_rate": 7.042086054835283,
        "loan_amount": 16395.297799913602,
        "month_name": "Apr"
    },
    {
        "month": 5,
        "default_rate": 3.934767628039038,
        "approval_rate": 71.63921107552083,
        "interest_rate": 7.166448478538572,
        "loan_amount": 16516.767064759446,
        "month_name": "May"
    },
    {
        "month": 6,
        "default_rate": 3.9077514197016128,
        "approval_rate": 70.72793575838932,
        "interest_rate": 6.991316848274297,
        "loan_amount": 16485.528910764162,
        "month_name": "Jun"
    },
    {
        "month": 7,
        "default_rate": 3.6347942749848783,
        "approval_rate": 71.4184590593773,
        "interest_rate": 6.980554542103467,
        "loan_amount": 16452.995685040954,
        "month_name": "Jul"
    },
    {
        "month": 8,
        "default_rate": 3.330493947488437,
        "approval_rate": 72.82734008865073,
        "interest_rate": 6.889495077094306,
        "loan_amount": 16521.703024472063,
        "month_name": "Aug"
    },
    {
        "month": 9,
        "default_rate": 2.9353496774154855,
        "approval_rate": 74.71371680094144,
        "interest_rate": 6.7776761720278556,
        "loan_amount": 16613.20468242428,
        "month_name": "Sep"
    },
    {
        "month": 10,
        "default_rate": 2.528747876298144,
        "approval_rate": 74.06290241630096,
        "interest_rate": 6.750697909967749,
        "loan_amount": 16469.130629796437,
        "month_name": "Oct"
    },
    {
        "month": 11,
        "default_rate": 2.4705011878944347,
        "approval_rate": 74.27734020621462,
        "interest_rate": 6.669787223359543,
        "loan_amount": 16409.587202645755,
        "month_name": "Nov"
    },
    {
        "month": 12,
        "default_rate": 2.283791853646353,
        "approval_rate": 73.18620629012037,
        "interest_rate": 6.857559461983443,
        "loan_amount": 16580.41537379831,
        "month_name": "Dec"
    }
]