{
    "Random Forest": {
        "Accuracy": 0.997,
        "Precision": 1.0,
        "Recall": 0.9423076923076923,
        "F1 Score": 0.9702970297029703,
        "ROC AUC": 0.9999898571892243
    },
    "Gradient Boosting": {
        "Accuracy": 1.0,
        "Precision": 1.0,
        "Recall": 1.0,
        "F1 Score": 1.0,
        "ROC AUC": 1.0
    },
    "Neural Network": {
        "Accuracy": 0.994,
        "Precision": 0.9423076923076923,
        "Recall": 0.9423076923076923,
        "F1 Score": 0.9423076923076923,
        "ROC AUC": 0.9993153602726388
    },
    "Ensemble": {
        "Accuracy": 1.0,
        "Precision": 1.0,
        "Recall": 1.0,
        "F1 Score": 1.0,
        "ROC AUC": 1.0
    }
}