[
    {
        "segment": 0,
        "credit_score": 739.4246271838111,
        "annual_income": 52694.02806797296,
        "debt_to_income": 31.15856415573954,
        "employment_length": 9.58581497862571,
        "num_delinquencies": 0.0,
        "default_probability": 0.46235766952816687,
        "risk_score": 53.76423304718331,
        "loan_status": 60.60606060606061,
        "segment_name": "Average Borrowers"
    },
    {
        "segment": 1,
        "credit_score": 690.1064058816474,
        "annual_income": 65556.1687119909,
        "debt_to_income": 27.29111881524217,
        "employment_length": 6.319847637417937,
        "num_delinquencies": 1.1386861313868613,
        "default_probability": 0.5656366414783609,
        "risk_score": 43.436335852163914,
        "loan_status": 37.22627737226277,
        "segment_name": "Near-Prime Borrowers"
    },
    {
        "segment": 2,
        "credit_score": 640.5649278421413,
        "annual_income": 84832.39702516895,
        "debt_to_income": 21.52545421977678,
        "employment_length": 8.632717481284704,
        "num_delinquencies": 0.0,
        "default_probability": 0.5559432917723884,
        "risk_score": 44.405670822761145,
        "loan_status": 37.368421052631575,
        "segment_name": "Average Borrowers"
    },
    {
        "segment": 3,
        "credit_score": 686.9551418802745,
        "annual_income": 54006.52880484294,
        "debt_to_income": 21.09011412589907,
        "employment_length": 3.3367032941820116,
        "num_delinquencies": 0.0,
        "default_probability": 0.5312351195328209,
        "risk_score": 46.8764880467179,
        "loan_status": 42.69230769230769,
        "segment_name": "Average Borrowers"
    },
    {
        "segment": 4,
        "credit_score": 668.5701453158429,
        "annual_income": 74611.6952099876,
        "debt_to_income": 40.10610011709124,
        "employment_length": 4.3826868143779025,
        "num_delinquencies": 0.0,
        "default_probability": 0.6372287276911097,
        "risk_score": 36.27712723088902,
        "loan_status": 18.6046511627907,
        "segment_name": "Average Borrowers"
    }
]