{
    "Average Borrowers": {
        "feature_importance": {
            "credit_score": 0.37166067986969725,
            "annual_income": 0.012326219543842908,
            "debt_to_income": 0.2569995334161501,
            "loan_amount": 0.03388923646570918,
            "interest_rate": 0.1566682900151917,
            "employment_length": 0.15377463388778126,
            "num_credit_lines": 0.014681406801627538,
            "num_delinquencies": NaN
        },
        "avg_default_probability": 0.5472785069935723,
        "avg_risk_score": 45.272149300642766,
        "sample_size": 863
    },
    "Near-Prime Borrowers": {
        "feature_importance": {
            "credit_score": 0.2804013090160023,
            "annual_income": 0.021246502945011906,
            "debt_to_income": 0.2166990885415612,
            "loan_amount": 0.1199528749441607,
            "interest_rate": 0.1564465820694324,
            "employment_length": 0.12703595593651218,
            "num_credit_lines": 0.0487842128174053,
            "num_delinquencies": 0.029433473729913933
        },
        "avg_default_probability": 0.5656366414783609,
        "avg_risk_score": 43.43633585216391,
        "sample_size": 137
    }
}