[
    {
        "risk_tier": "A (Very Good)",
        "avg_default_probability": 0.1614167994870265,
        "avg_credit_score": 756.1596310267652,
        "avg_annual_income": 64848.627003474234,
        "avg_debt_to_income": 19.056834050182335,
        "avg_interest_rate": 6.482064375413831,
        "avg_loan_amount": 17127.074743378565,
        "avg_risk_score": 83.85832005129735,
        "repayment_rate_pct": 100.0
    },
    {
        "risk_tier": "A+ (Excellent)",
        "avg_default_probability": 0.03920863448725352,
        "avg_credit_score": 774.9241562095474,
        "avg_annual_income": 59935.22640988794,
        "avg_debt_to_income": 15.817170694429851,
        "avg_interest_rate": 8.109018283192867,
        "avg_loan_amount": 11568.856053968948,
        "avg_risk_score": 96.07913655127464,
        "repayment_rate_pct": 100.0
    },
    {
        "risk_tier": "B (Good)",
        "avg_default_probability": 0.2635729495451815,
        "avg_credit_score": 752.853900326731,
        "avg_annual_income": 62162.815199082084,
        "avg_debt_to_income": 19.733488625803695,
        "avg_interest_rate": 6.683347219180857,
        "avg_loan_amount": 15775.686760435934,
        "avg_risk_score": 73.64270504548185,
        "repayment_rate_pct": 100.0
    },
    {
        "risk_tier": "C (Fair)",
        "avg_default_probability": 0.3527864096235886,
        "avg_credit_score": 738.5474929144054,
        "avg_annual_income": 64551.782612155854,
        "avg_debt_to_income": 24.864200156661056,
        "avg_interest_rate": 6.968641387552744,
        "avg_loan_amount": 17990.420763096612,
        "avg_risk_score": 64.72135903764114,
        "repayment_rate_pct": 100.0
    },
    {
        "risk_tier": "D (Poor)",
        "avg_default_probability": 0.45389096220888675,
        "avg_credit_score": 702.5611529771684,
        "avg_annual_income": 65234.63041189453,
        "avg_debt_to_income": 25.59167372530536,
        "avg_interest_rate": 6.899148384504822,
        "avg_loan_amount": 17389.09720824218,
        "avg_risk_score": 54.610903779111325,
        "repayment_rate_pct": 100.0
    },
    {
        "risk_tier": "E (High Risk)",
        "avg_default_probability": 0.6568065291056824,
        "avg_credit_score": 660.9488197369909,
        "avg_annual_income": 66290.94343572098,
        "avg_debt_to_income": 30.593082634703688,
        "avg_interest_rate": 7.79695561703187,
        "avg_loan_amount": 18286.238938846232,
        "avg_risk_score": 34.31934708943176,
        "repayment_rate_pct": 0.0
    }
]