{
    "Profile 1": {
        "current": {
            "total_debt": 42700,
            "weighted_avg_rate": 12.795620608899297,
            "total_min_payment": 1120,
            "months_to_payoff_minimum": 56,
            "total_interest_minimum": 13147.352020937155,
            "months_to_payoff_avalanche": 50,
            "total_interest_avalanche": 12891.043920921178,
            "months_to_payoff_snowball": 50,
            "total_interest_snowball": 12899.554389532666
        },
        "Option A": {
            "loan_amount": 43340.5,
            "origination_fee": 640.5,
            "interest_rate": 8.99,
            "term_months": 36,
            "monthly_payment": 1378.0146099707417,
            "total_payments": 49608.5259589467,
            "total_interest": 6908.525958946702
        },
        "Option B": {
            "loan_amount": 42700.0,
            "origination_fee": 0.0,
            "interest_rate": 10.49,
            "term_months": 60,
            "monthly_payment": 917.5780330636254,
            "total_payments": 55054.68198381752,
            "total_interest": 12354.681983817522
        },
        "Option C": {
            "loan_amount": 43767.5,
            "origination_fee": 1067.5,
            "interest_rate": 7.99,
            "term_months": 36,
            "monthly_payment": 1371.3124761950114,
            "total_payments": 49367.24914302041,
            "total_interest": 6667.24914302041
        },
        "Option D": {
            "loan_amount": 43127.0,
            "origination_fee": 427.0,
            "interest_rate": 9.49,
            "term_months": 60,
            "monthly_payment": 905.5365293448859,
            "total_payments": 54332.19176069315,
            "total_interest": 11632.191760693153
        }
    },
    "Profile 2": {
        "current": {
            "total_debt": 33700,
            "weighted_avg_rate": 20.312848664688428,
            "total_min_payment": 1025,
            "months_to_payoff_minimum": 58,
            "total_interest_minimum": 17784.19499991123,
            "months_to_payoff_avalanche": 50,
            "total_interest_avalanche": 17082.101213157926,
            "months_to_payoff_snowball": 50,
            "total_interest_snowball": 17118.217141037956
        },
        "Option A": {
            "loan_amount": 34205.5,
            "origination_fee": 505.5,
            "interest_rate": 8.99,
            "term_months": 36,
            "monthly_payment": 1087.5665657146135,
            "total_payments": 39152.39636572608,
            "total_interest": 5452.396365726083
        },
        "Option B": {
            "loan_amount": 33700.0,
            "origination_fee": 0.0,
            "interest_rate": 10.49,
            "term_months": 60,
            "monthly_payment": 724.1775108722292,
            "total_payments": 43450.65065233375,
            "total_interest": 9750.650652333752
        },
        "Option C": {
            "loan_amount": 34542.5,
            "origination_fee": 842.5,
            "interest_rate": 7.99,
            "term_months": 36,
            "monthly_payment": 1082.2770596667888,
            "total_payments": 38961.974148004396,
            "total_interest": 5261.974148004396
        },
        "Option D": {
            "loan_amount": 34037.0,
            "origination_fee": 337.0,
            "interest_rate": 9.49,
            "term_months": 60,
            "monthly_payment": 714.6740290145822,
            "total_payments": 42880.44174087493,
            "total_interest": 9180.441740874929
        }
    },
    "Profile 3": {
        "current": {
            "total_debt": 59500,
            "weighted_avg_rate": 8.210672268907564,
            "total_min_payment": 990,
            "months_to_payoff_minimum": 118,
            "total_interest_minimum": 18219.67106686952,
            "months_to_payoff_avalanche": 76,
            "total_interest_avalanche": 14878.873832491192,
            "months_to_payoff_snowball": 76,
            "total_interest_snowball": 14878.873832491192
        },
        "Option A": {
            "loan_amount": 60392.5,
            "origination_fee": 892.5,
            "interest_rate": 8.99,
            "term_months": 36,
            "monthly_payment": 1920.1842925821813,
            "total_payments": 69126.63453295853,
            "total_interest": 9626.634532958531
        },
        "Option B": {
            "loan_amount": 59500.0,
            "origination_fee": 0.0,
            "interest_rate": 10.49,
            "term_months": 60,
            "monthly_payment": 1278.5923411542324,
            "total_payments": 76715.54046925395,
            "total_interest": 17215.540469253945
        },
        "Option C": {
            "loan_amount": 60987.5,
            "origination_fee": 1487.5,
            "interest_rate": 7.99,
            "term_months": 36,
            "monthly_payment": 1910.84525371436,
            "total_payments": 68790.42913371696,
            "total_interest": 9290.429133716956
        },
        "Option D": {
            "loan_amount": 60095.0,
            "origination_fee": 595.0,
            "interest_rate": 9.49,
            "term_months": 60,
            "monthly_payment": 1261.8131966281198,
            "total_payments": 75708.79179768718,
            "total_interest": 16208.791797687183
        }
    }
}