{
    "Profile 1": {
        "credit_card_1": {
            "balance": 8500,
            "interest_rate": 22.99,
            "min_payment": 250
        },
        "credit_card_2": {
            "balance": 4200,
            "interest_rate": 19.99,
            "min_payment": 120
        },
        "personal_loan": {
            "balance": 12000,
            "interest_rate": 12.5,
            "min_payment": 350
        },
        "auto_loan": {
            "balance": 18000,
            "interest_rate": 6.5,
            "min_payment": 400
        }
    },
    "Profile 2": {
        "credit_card_1": {
            "balance": 15000,
            "interest_rate": 24.99,
            "min_payment": 450
        },
        "credit_card_2": {
            "balance": 7500,
            "interest_rate": 21.99,
            "min_payment": 225
        },
        "credit_card_3": {
            "balance": 3200,
            "interest_rate": 18.99,
            "min_payment": 100
        },
        "personal_loan": {
            "balance": 8000,
            "interest_rate": 10.5,
            "min_payment": 250
        }
    },
    "Profile 3": {
        "student_loan_1": {
            "balance": 25000,
            "interest_rate": 5.8,
            "min_payment": 280
        },
        "student_loan_2": {
            "balance": 18000,
            "interest_rate": 6.2,
            "min_payment": 210
        },
        "credit_card": {
            "balance": 6500,
            "interest_rate": 17.99,
            "min_payment": 200
        },
        "personal_loan": {
            "balance": 10000,
            "interest_rate": 11.5,
            "min_payment": 300
        }
    }
}