{
    "No New Loan": {
        "amount": 0,
        "term_years": 0,
        "interest_rate": 0.0,
        "monthly_payment": 0
    },
    "Home Improvement Loan": {
        "amount": 25000,
        "term_years": 5,
        "interest_rate": 6.9,
        "monthly_payment": 494
    },
    "Education Loan": {
        "amount": 40000,
        "term_years": 10,
        "interest_rate": 5.5,
        "monthly_payment": 434
    },
    "Debt Consolidation": {
        "amount": 30000,
        "term_years": 7,
        "interest_rate": 7.5,
        "monthly_payment": 478
    }
}