{
    "Profile A": {
        "age": 30,
        "annual_income": 65000,
        "annual_expenses": 48000,
        "current_savings": 25000,
        "current_debt": 35000,
        "debt_interest_rate": 6.5,
        "savings_interest_rate": 1.5,
        "investment_return_rate": 7.0,
        "inflation_rate": 2.5,
        "income_growth_rate": 3.0,
        "expense_growth_rate": 2.5,
        "monthly_debt_payment": 800,
        "monthly_savings": 500,
        "monthly_investment": 300
    },
    "Profile B": {
        "age": 40,
        "annual_income": 85000,
        "annual_expenses": 65000,
        "current_savings": 60000,
        "current_debt": 120000,
        "debt_interest_rate": 4.5,
        "savings_interest_rate": 1.5,
        "investment_return_rate": 6.5,
        "inflation_rate": 2.5,
        "income_growth_rate": 2.5,
        "expense_growth_rate": 2.5,
        "monthly_debt_payment": 1200,
        "monthly_savings": 800,
        "monthly_investment": 500
    },
    "Profile C": {
        "age": 25,
        "annual_income": 45000,
        "annual_expenses": 38000,
        "current_savings": 8000,
        "current_debt": 28000,
        "debt_interest_rate": 5.5,
        "savings_interest_rate": 1.5,
        "investment_return_rate": 7.5,
        "inflation_rate": 2.5,
        "income_growth_rate": 4.0,
        "expense_growth_rate": 2.5,
        "monthly_debt_payment": 500,
        "monthly_savings": 300,
        "monthly_investment": 150
    }
}