{
    "No Additional Loan": {
        "amount": 0,
        "term_years": 0,
        "interest_rate": 0.0,
        "monthly_payment": 0
    },
    "Small Loan": {
        "amount": 10000,
        "term_years": 3,
        "interest_rate": 7.5,
        "monthly_payment": 311
    },
    "Medium Loan": {
        "amount": 25000,
        "term_years": 5,
        "interest_rate": 6.9,
        "monthly_payment": 494
    },
    "Large Loan": {
        "amount": 50000,
        "term_years": 10,
        "interest_rate": 6.5,
        "monthly_payment": 568
    }
}