{
    "Scenario 1": {
        "current_age": 35,
        "retirement_age": 65,
        "current_savings": 50000,
        "annual_contribution": 6000,
        "expected_return_pct": 7.0,
        "inflation_pct": 2.5,
        "current_income": 75000,
        "income_replacement_pct": 80,
        "social_security_monthly": 2000,
        "life_expectancy": 85
    },
    "Scenario 2": {
        "current_age": 45,
        "retirement_age": 67,
        "current_savings": 150000,
        "annual_contribution": 12000,
        "expected_return_pct": 6.5,
        "inflation_pct": 2.5,
        "current_income": 90000,
        "income_replacement_pct": 75,
        "social_security_monthly": 2400,
        "life_expectancy": 85
    },
    "Scenario 3": {
        "current_age": 28,
        "retirement_age": 60,
        "current_savings": 30000,
        "annual_contribution": 5000,
        "expected_return_pct": 7.5,
        "inflation_pct": 2.5,
        "current_income": 65000,
        "income_replacement_pct": 85,
        "social_security_monthly": 1800,
        "life_expectancy": 90
    }
}