{
    "Northeast": {
        "approval_rate": 72.5,
        "average_interest_rate": 6.8,
        "average_loan_amount": 18500,
        "default_rate": 3.8,
        "early_payoff_rate": 12.3
    },
    "Midwest": {
        "approval_rate": 75.2,
        "average_interest_rate": 6.5,
        "average_loan_amount": 16200,
        "default_rate": 3.2,
        "early_payoff_rate": 10.8
    },
    "South": {
        "approval_rate": 68.7,
        "average_interest_rate": 7.2,
        "average_loan_amount": 15800,
        "default_rate": 4.1,
        "early_payoff_rate": 9.5
    },
    "West": {
        "approval_rate": 70.3,
        "average_interest_rate": 7.0,
        "average_loan_amount": 19300,
        "default_rate": 3.5,
        "early_payoff_rate": 11.7
    }
}