{
    "Northeast": {
        "unemployment_rate": 4.2,
        "median_income": 72500,
        "housing_price_index": 285.3,
        "gdp_growth": 2.1,
        "default_rate": 3.8
    },
    "Midwest": {
        "unemployment_rate": 3.8,
        "median_income": 65200,
        "housing_price_index": 210.5,
        "gdp_growth": 1.9,
        "default_rate": 3.2
    },
    "South": {
        "unemployment_rate": 4.5,
        "median_income": 61800,
        "housing_price_index": 195.7,
        "gdp_growth": 2.3,
        "default_rate": 4.1
    },
    "West": {
        "unemployment_rate": 4.0,
        "median_income": 78300,
        "housing_price_index": 320.1,
        "gdp_growth": 2.5,
        "default_rate": 3.5
    }
}