{
    "AL": 4.2,
    "AK": 3.8,
    "AZ": 4.5,
    "AR": 4.0,
    "CA": 3.9,
    "CO": 3.2,
    "CT": 3.5,
    "DE": 3.7,
    "FL": 4.3,
    "GA": 4.1,
    "HI": 3.0,
    "ID": 3.4,
    "IL": 3.8,
    "IN": 3.6,
    "IA": 3.0,
    "KS": 3.3,
    "KY": 4.0,
    "LA": 4.5,
    "ME": 3.4,
    "MD": 3.6,
    "MA": 3.2,
    "MI": 3.7,
    "MN": 3.1,
    "MS": 4.6,
    "MO": 3.5,
    "MT": 3.3,
    "NE": 3.0,
    "NV": 4.4,
    "NH": 3.1,
    "NJ": 3.5,
    "NM": 4.3,
    "NY": 3.7,
    "NC": 3.9,
    "ND": 2.9,
    "OH": 3.6,
    "OK": 3.8,
    "OR": 3.5,
    "PA": 3.4,
    "RI": 3.6,
    "SC": 4.0,
    "SD": 3.1,
    "TN": 4.0,
    "TX": 3.8,
    "UT": 3.2,
    "VT": 3.0,
    "VA": 3.5,
    "WA": 3.4,
    "WV": 4.2,
    "WI": 3.3,
    "WY": 3.4
}