{
    "QuickLoan": {
        "specialties": [
            "Personal Loans",
            "Debt Consolidation"
        ],
        "interest_rate_range": "6.5% - 12.8%",
        "loan_amount_range": "$5,000 - $35,000",
        "min_credit_score": 640,
        "pros": [
            "Fast approval (24 hours)",
            "No early repayment fees",
            "Flexible terms"
        ],
        "cons": [
            "Higher rates for lower credit scores",
            "Limited loan types"
        ]
    },
    "CreditUnion Plus": {
        "specialties": [
            "Home Improvement",
            "Auto Loans",
            "Personal Loans"
        ],
        "interest_rate_range": "5.2% - 9.5%",
        "loan_amount_range": "$2,500 - $50,000",
        "min_credit_score": 660,
        "pros": [
            "Lower interest rates",
            "Personalized service",
            "Member benefits"
        ],
        "cons": [
            "Membership required",
            "Longer approval process",
            "Branch visit may be required"
        ]
    },
    "PeerFund": {
        "specialties": [
            "Business Loans",
            "Education",
            "Medical Expenses"
        ],
        "interest_rate_range": "7.8% - 15.2%",
        "loan_amount_range": "$1,000 - $40,000",
        "min_credit_score": 600,
        "pros": [
            "Accessible to lower credit scores",
            "Unique loan purposes",
            "Community funded"
        ],
        "cons": [
            "Higher average rates",
            "Funding may take longer",
            "Additional platform fees"
        ]
    },
    "EasyFinance": {
        "specialties": [
            "Debt Consolidation",
            "Home Improvement",
            "Major Purchases"
        ],
        "interest_rate_range": "6.9% - 11.5%",
        "loan_amount_range": "$10,000 - $75,000",
        "min_credit_score": 680,
        "pros": [
            "Higher loan amounts",
            "Rate discounts for autopay",
            "No origination fees"
        ],
        "cons": [
            "Stricter credit requirements",
            "Limited availability in some states"
        ]
    },
    "MobileLender": {
        "specialties": [
            "Personal Loans",
            "Emergency Expenses",
            "Short-term Loans"
        ],
        "interest_rate_range": "8.5% - 17.9%",
        "loan_amount_range": "$500 - $15,000",
        "min_credit_score": 580,
        "pros": [
            "Mobile-first application",
            "Same-day funding available",
            "Accepts lower credit scores"
        ],
        "cons": [
            "Higher interest rates",
            "Lower maximum loan amounts",
            "Shorter terms"
        ]
    }
}