{
    "Personal Loans": {
        "average_interest_rate": 7.5,
        "average_loan_amount": 16500,
        "average_term_months": 48,
        "approval_rate": 72.0,
        "default_rate": 3.8
    },
    "Debt Consolidation": {
        "average_interest_rate": 6.8,
        "average_loan_amount": 21200,
        "average_term_months": 60,
        "approval_rate": 68.5,
        "default_rate": 4.2
    },
    "Home Improvement": {
        "average_interest_rate": 6.2,
        "average_loan_amount": 25800,
        "average_term_months": 72,
        "approval_rate": 75.3,
        "default_rate": 2.9
    },
    "Medical Expenses": {
        "average_interest_rate": 8.1,
        "average_loan_amount": 12300,
        "average_term_months": 36,
        "approval_rate": 70.8,
        "default_rate": 4.5
    },
    "Education": {
        "average_interest_rate": 5.9,
        "average_loan_amount": 18700,
        "average_term_months": 84,
        "approval_rate": 78.2,
        "default_rate": 2.5
    }
}