{
    "Traditional Banks": {
        "average_interest_rate": 7.2,
        "average_loan_amount": 22500,
        "approval_rate": 65.3,
        "processing_time_days": 14,
        "min_credit_score": 680,
        "early_repayment_penalty": true,
        "customer_satisfaction": 3.6
    },
    "Credit Unions": {
        "average_interest_rate": 6.5,
        "average_loan_amount": 18200,
        "approval_rate": 72.1,
        "processing_time_days": 10,
        "min_credit_score": 650,
        "early_repayment_penalty": false,
        "customer_satisfaction": 4.2
    },
    "Online Lenders": {
        "average_interest_rate": 8.3,
        "average_loan_amount": 15800,
        "approval_rate": 78.5,
        "processing_time_days": 3,
        "min_credit_score": 620,
        "early_repayment_penalty": false,
        "customer_satisfaction": 3.9
    },
    "Peer-to-Peer": {
        "average_interest_rate": 9.1,
        "average_loan_amount": 12500,
        "approval_rate": 82.3,
        "processing_time_days": 5,
        "min_credit_score": 600,
        "early_repayment_penalty": false,
        "customer_satisfaction": 4.0
    },
    "Our Platform": {
        "average_interest_rate": 6.8,
        "average_loan_amount": 17500,
        "approval_rate": 75.2,
        "processing_time_days": 2,
        "min_credit_score": 640,
        "early_repayment_penalty": false,
        "customer_satisfaction": 4.5
    }
}